{
    "$schema": "http://schema.management.azure.com/schemas/2015-01-01/deploymentTemplate.json#",
    "contentVersion": "1.0.0.0",
    "parameters": {
        "factoryName": {
            "type": "string",
            "metadata": "Data Factory name",
            "defaultValue": "adfneeraj3099"
        },
        "LinkedServiceADLS_accountKey": {
            "type": "secureString",
            "metadata": "Secure string for 'accountKey' of 'LinkedServiceADLS'"
        },
        "ManTrigger_properties_typeProperties_scope": {
            "type": "string",
            "defaultValue": "/subscriptions/ea1f690a-14fa-4d70-8667-95f38deec63d/resourceGroups/RG-ADF-Pipelines/providers/Microsoft.Storage/storageAccounts/storageaccountadlsneeraj"
        },
        "LinkedServiceADLS_properties_typeProperties_url": {
            "type": "string",
            "defaultValue": "https://storageaccountadlsneeraj.dfs.core.windows.net/"
        },
        "LinkedService_Git_properties_typeProperties_url": {
            "type": "string",
            "defaultValue": "https://raw.githubusercontent.com/"
        },
        "containerUri": {
            "type": "string",
            "metadata": "URI to storage account containing linked ARM templates"
        },
        "containerSasToken": {
            "type": "string",
            "metadata": "Sas token to storage account containing linked ARM templates"
        }
    },
    "variables": {
        "factoryId": "[concat('Microsoft.DataFactory/factories/', parameters('factoryName'))]"
    },
    "resources": [
        {
            "name": "adfneeraj3099_ArmTemplate_0",
            "type": "Microsoft.Resources/deployments",
            "apiVersion": "2024-03-01",
            "properties": {
                "mode": "incremental",
                "templateLink": {
                    "uri": "[concat(parameters('containerUri'), '/ArmTemplate_0.json', parameters('containerSasToken'))]",
                    "contentVersion": "1.0.0.0"
                },
                "parameters": {
                    "factoryName": {
                        "value": "[parameters('factoryName')]"
                    },
                    "LinkedServiceADLS_accountKey": {
                        "value": "[parameters('LinkedServiceADLS_accountKey')]"
                    },
                    "LinkedServiceADLS_properties_typeProperties_url": {
                        "value": "[parameters('LinkedServiceADLS_properties_typeProperties_url')]"
                    },
                    "LinkedService_Git_properties_typeProperties_url": {
                        "value": "[parameters('LinkedService_Git_properties_typeProperties_url')]"
                    },
                    "ManTrigger_properties_typeProperties_scope": {
                        "value": "[parameters('ManTrigger_properties_typeProperties_scope')]"
                    }
                }
            },
            "dependsOn": []
        }
    ]
}