{
    "$schema": "https://schema.management.azure.com/schemas/2015-01-01/deploymentParameters.json#",
    "contentVersion": "1.0.0.0",
    "parameters": {
        "factoryName": {
            "value": "adfneeraj3099"
        },
        "LinkedServiceADLS_accountKey": {
            "value": ""
        },
        "ManTrigger_properties_typeProperties_scope": {
            "value": "/subscriptions/ea1f690a-14fa-4d70-8667-95f38deec63d/resourceGroups/RG-ADF-Pipelines/providers/Microsoft.Storage/storageAccounts/storageaccountadlsneeraj"
        },
        "LinkedServiceADLS_properties_typeProperties_url": {
            "value": "https://storageaccountadlsneeraj.dfs.core.windows.net/"
        },
        "LinkedService_Git_properties_typeProperties_url": {
            "value": "https://raw.githubusercontent.com/"
        }
    }
}