{
    "$schema": "http://schema.management.azure.com/schemas/2015-01-01/deploymentTemplate.json#",
    "contentVersion": "1.0.0.0",
    "parameters": {
        "factoryName": {
            "type": "string",
            "metadata": "Data Factory name",
            "defaultValue": "adfneeraj3099"
        },
        "LinkedServiceADLS_accountKey": {
            "type": "secureString",
            "metadata": "Secure string for 'accountKey' of 'LinkedServiceADLS'"
        },
        "ManTrigger_properties_typeProperties_scope": {
            "type": "string",
            "defaultValue": "/subscriptions/ea1f690a-14fa-4d70-8667-95f38deec63d/resourceGroups/RG-ADF-Pipelines/providers/Microsoft.Storage/storageAccounts/storageaccountadlsneeraj"
        },
        "LinkedServiceADLS_properties_typeProperties_url": {
            "type": "string",
            "defaultValue": "https://storageaccountadlsneeraj.dfs.core.windows.net/"
        },
        "LinkedService_Git_properties_typeProperties_url": {
            "type": "string",
            "defaultValue": "https://raw.githubusercontent.com/"
        }
    },
    "variables": {
        "factoryId": "[concat('Microsoft.DataFactory/factories/', parameters('factoryName'))]"
    },
    "resources": [
        {
            "name": "[concat(parameters('factoryName'), '/ManTrigger')]",
            "type": "Microsoft.DataFactory/factories/triggers",
            "apiVersion": "2018-06-01",
            "properties": {
                "annotations": [],
                "runtimeState": "Started",
                "pipelines": [
                    {
                        "pipelineReference": {
                            "referenceName": "ProdPipeline",
                            "type": "PipelineReference"
                        },
                        "parameters": {}
                    }
                ],
                "type": "BlobEventsTrigger",
                "typeProperties": {
                    "blobPathBeginsWith": "/source/blobs/csvfiles/Fact_Sales_1.csv",
                    "ignoreEmptyBlobs": true,
                    "scope": "[parameters('ManTrigger_properties_typeProperties_scope')]",
                    "events": [
                        "Microsoft.Storage.BlobCreated"
                    ]
                }
            },
            "dependsOn": [
                "[concat(variables('factoryId'), '/pipelines/ProdPipeline')]"
            ]
        },
        {
            "name": "[concat(parameters('factoryName'), '/PipelineGit')]",
            "type": "Microsoft.DataFactory/factories/pipelines",
            "apiVersion": "2018-06-01",
            "properties": {
                "activities": [
                    {
                        "name": "Copy Git",
                        "type": "Copy",
                        "dependsOn": [],
                        "policy": {
                            "timeout": "0.12:00:00",
                            "retry": 0,
                            "retryIntervalInSeconds": 30,
                            "secureOutput": false,
                            "secureInput": false
                        },
                        "userProperties": [],
                        "typeProperties": {
                            "source": {
                                "type": "DelimitedTextSource",
                                "storeSettings": {
                                    "type": "HttpReadSettings",
                                    "requestMethod": "GET"
                                },
                                "formatSettings": {
                                    "type": "DelimitedTextReadSettings"
                                }
                            },
                            "sink": {
                                "type": "DelimitedTextSink",
                                "storeSettings": {
                                    "type": "AzureBlobFSWriteSettings"
                                },
                                "formatSettings": {
                                    "type": "DelimitedTextWriteSettings",
                                    "quoteAllText": true,
                                    "fileExtension": ".txt"
                                }
                            },
                            "enableStaging": false,
                            "translator": {
                                "type": "TabularTranslator",
                                "typeConversion": true,
                                "typeConversionSettings": {
                                    "allowDataTruncation": true,
                                    "treatBooleanAsNumber": false
                                }
                            }
                        },
                        "inputs": [
                            {
                                "referenceName": "Source_Git",
                                "type": "DatasetReference",
                                "parameters": {}
                            }
                        ],
                        "outputs": [
                            {
                                "referenceName": "Sink_git_CSV",
                                "type": "DatasetReference",
                                "parameters": {}
                            }
                        ]
                    }
                ],
                "policy": {
                    "elapsedTimeMetric": {}
                },
                "annotations": [],
                "lastPublishTime": "2025-02-02T12:25:07Z"
            },
            "dependsOn": [
                "[concat(variables('factoryId'), '/datasets/Source_Git')]",
                "[concat(variables('factoryId'), '/datasets/Sink_git_CSV')]"
            ]
        },
        {
            "name": "[concat(parameters('factoryName'), '/OnlySelectedFiles')]",
            "type": "Microsoft.DataFactory/factories/pipelines",
            "apiVersion": "2018-06-01",
            "properties": {
                "activities": [
                    {
                        "name": "Get Metadata",
                        "type": "GetMetadata",
                        "dependsOn": [
                            {
                                "activity": "FilesValidation",
                                "dependencyConditions": [
                                    "Succeeded"
                                ]
                            }
                        ],
                        "policy": {
                            "timeout": "0.12:00:00",
                            "retry": 0,
                            "retryIntervalInSeconds": 30,
                            "secureOutput": false,
                            "secureInput": false
                        },
                        "userProperties": [],
                        "typeProperties": {
                            "dataset": {
                                "referenceName": "MetadaDataSet",
                                "type": "DatasetReference",
                                "parameters": {}
                            },
                            "fieldList": [
                                "childItems"
                            ],
                            "storeSettings": {
                                "type": "AzureBlobFSReadSettings",
                                "recursive": true,
                                "enablePartitionDiscovery": false
                            },
                            "formatSettings": {
                                "type": "DelimitedTextReadSettings"
                            }
                        }
                    },
                    {
                        "name": "ForEachCSV",
                        "type": "ForEach",
                        "dependsOn": [
                            {
                                "activity": "Get Metadata",
                                "dependencyConditions": [
                                    "Succeeded"
                                ]
                            }
                        ],
                        "userProperties": [],
                        "typeProperties": {
                            "items": {
                                "value": "@activity('Get Metadata').output.childItems",
                                "type": "Expression"
                            },
                            "isSequential": true,
                            "activities": [
                                {
                                    "name": "If File Matches",
                                    "type": "IfCondition",
                                    "dependsOn": [],
                                    "userProperties": [],
                                    "typeProperties": {
                                        "expression": {
                                            "value": "@startswith(item().name,'Fact')\n",
                                            "type": "Expression"
                                        },
                                        "ifTrueActivities": [
                                            {
                                                "name": "Copy Fact Data",
                                                "type": "Copy",
                                                "dependsOn": [],
                                                "policy": {
                                                    "timeout": "0.12:00:00",
                                                    "retry": 0,
                                                    "retryIntervalInSeconds": 30,
                                                    "secureOutput": false,
                                                    "secureInput": false
                                                },
                                                "userProperties": [],
                                                "typeProperties": {
                                                    "source": {
                                                        "type": "DelimitedTextSource",
                                                        "storeSettings": {
                                                            "type": "AzureBlobFSReadSettings",
                                                            "recursive": true,
                                                            "enablePartitionDiscovery": false
                                                        },
                                                        "formatSettings": {
                                                            "type": "DelimitedTextReadSettings"
                                                        }
                                                    },
                                                    "sink": {
                                                        "type": "DelimitedTextSink",
                                                        "storeSettings": {
                                                            "type": "AzureBlobFSWriteSettings"
                                                        },
                                                        "formatSettings": {
                                                            "type": "DelimitedTextWriteSettings",
                                                            "quoteAllText": true,
                                                            "fileExtension": ".txt"
                                                        }
                                                    },
                                                    "enableStaging": false,
                                                    "translator": {
                                                        "type": "TabularTranslator",
                                                        "typeConversion": true,
                                                        "typeConversionSettings": {
                                                            "allowDataTruncation": true,
                                                            "treatBooleanAsNumber": false
                                                        }
                                                    }
                                                },
                                                "inputs": [
                                                    {
                                                        "referenceName": "Parameterized_Source_CSV",
                                                        "type": "DatasetReference",
                                                        "parameters": {
                                                            "parameter_file_name": {
                                                                "value": "@item().name",
                                                                "type": "Expression"
                                                            }
                                                        }
                                                    }
                                                ],
                                                "outputs": [
                                                    {
                                                        "referenceName": "reporting_sink",
                                                        "type": "DatasetReference",
                                                        "parameters": {
                                                            "parameter_file_name": {
                                                                "value": "@item().name",
                                                                "type": "Expression"
                                                            }
                                                        }
                                                    }
                                                ]
                                            }
                                        ]
                                    }
                                }
                            ]
                        }
                    },
                    {
                        "name": "Data Transformations",
                        "type": "ExecuteDataFlow",
                        "state": "Inactive",
                        "onInactiveMarkAs": "Succeeded",
                        "dependsOn": [
                            {
                                "activity": "ForEachCSV",
                                "dependencyConditions": [
                                    "Succeeded"
                                ]
                            }
                        ],
                        "policy": {
                            "timeout": "0.12:00:00",
                            "retry": 0,
                            "retryIntervalInSeconds": 30,
                            "secureOutput": false,
                            "secureInput": false
                        },
                        "userProperties": [],
                        "typeProperties": {
                            "dataflow": {
                                "referenceName": "TransformCSV",
                                "type": "DataFlowReference",
                                "parameters": {},
                                "datasetParameters": {
                                    "sourceCSV": {},
                                    "sink": {}
                                }
                            },
                            "staging": {},
                            "compute": {
                                "coreCount": 8,
                                "computeType": "General"
                            },
                            "traceLevel": "Fine"
                        }
                    },
                    {
                        "name": "FilesValidation",
                        "type": "Validation",
                        "dependsOn": [],
                        "userProperties": [],
                        "typeProperties": {
                            "dataset": {
                                "referenceName": "Sink_CSV",
                                "type": "DatasetReference",
                                "parameters": {}
                            },
                            "timeout": "0.00:01:00",
                            "sleep": 10
                        }
                    }
                ],
                "policy": {
                    "elapsedTimeMetric": {}
                },
                "annotations": [],
                "lastPublishTime": "2025-02-02T16:31:47Z"
            },
            "dependsOn": [
                "[concat(variables('factoryId'), '/datasets/MetadaDataSet')]",
                "[concat(variables('factoryId'), '/dataflows/TransformCSV')]",
                "[concat(variables('factoryId'), '/datasets/Sink_CSV')]",
                "[concat(variables('factoryId'), '/datasets/Parameterized_Source_CSV')]",
                "[concat(variables('factoryId'), '/datasets/reporting_sink')]"
            ]
        },
        {
            "name": "[concat(parameters('factoryName'), '/PipelineManager')]",
            "type": "Microsoft.DataFactory/factories/pipelines",
            "apiVersion": "2018-06-01",
            "properties": {
                "activities": [
                    {
                        "name": "Copy CSV",
                        "type": "Copy",
                        "dependsOn": [],
                        "policy": {
                            "timeout": "0.12:00:00",
                            "retry": 0,
                            "retryIntervalInSeconds": 30,
                            "secureOutput": false,
                            "secureInput": false
                        },
                        "userProperties": [],
                        "typeProperties": {
                            "source": {
                                "type": "DelimitedTextSource",
                                "storeSettings": {
                                    "type": "AzureBlobFSReadSettings",
                                    "recursive": true,
                                    "enablePartitionDiscovery": false
                                },
                                "formatSettings": {
                                    "type": "DelimitedTextReadSettings"
                                }
                            },
                            "sink": {
                                "type": "DelimitedTextSink",
                                "storeSettings": {
                                    "type": "AzureBlobFSWriteSettings"
                                },
                                "formatSettings": {
                                    "type": "DelimitedTextWriteSettings",
                                    "quoteAllText": true,
                                    "fileExtension": ".txt"
                                }
                            },
                            "enableStaging": false,
                            "translator": {
                                "type": "TabularTranslator",
                                "typeConversion": true,
                                "typeConversionSettings": {
                                    "allowDataTruncation": true,
                                    "treatBooleanAsNumber": false
                                }
                            }
                        },
                        "inputs": [
                            {
                                "referenceName": "CSV_Source",
                                "type": "DatasetReference",
                                "parameters": {}
                            }
                        ],
                        "outputs": [
                            {
                                "referenceName": "Sink_CSV",
                                "type": "DatasetReference",
                                "parameters": {}
                            }
                        ]
                    },
                    {
                        "name": "DeleteFile",
                        "type": "Delete",
                        "dependsOn": [
                            {
                                "activity": "Copy CSV",
                                "dependencyConditions": [
                                    "Succeeded"
                                ]
                            }
                        ],
                        "policy": {
                            "timeout": "0.12:00:00",
                            "retry": 0,
                            "retryIntervalInSeconds": 30,
                            "secureOutput": false,
                            "secureInput": false
                        },
                        "userProperties": [],
                        "typeProperties": {
                            "dataset": {
                                "referenceName": "CSV_Source",
                                "type": "DatasetReference",
                                "parameters": {}
                            },
                            "enableLogging": false,
                            "storeSettings": {
                                "type": "AzureBlobFSReadSettings",
                                "recursive": true,
                                "enablePartitionDiscovery": false
                            }
                        }
                    },
                    {
                        "name": "Execute Git Pipeline",
                        "type": "ExecutePipeline",
                        "dependsOn": [
                            {
                                "activity": "DeleteFile",
                                "dependencyConditions": [
                                    "Succeeded"
                                ]
                            }
                        ],
                        "policy": {
                            "secureInput": false
                        },
                        "userProperties": [],
                        "typeProperties": {
                            "pipeline": {
                                "referenceName": "PipelineGit",
                                "type": "PipelineReference"
                            },
                            "waitOnCompletion": true,
                            "parameters": {}
                        }
                    }
                ],
                "policy": {
                    "elapsedTimeMetric": {}
                },
                "annotations": [],
                "lastPublishTime": "2025-02-02T15:53:30Z"
            },
            "dependsOn": [
                "[concat(variables('factoryId'), '/datasets/CSV_Source')]",
                "[concat(variables('factoryId'), '/datasets/Sink_CSV')]",
                "[concat(variables('factoryId'), '/pipelines/PipelineGit')]"
            ]
        },
        {
            "name": "[concat(parameters('factoryName'), '/VarPipeline')]",
            "type": "Microsoft.DataFactory/factories/pipelines",
            "apiVersion": "2018-06-01",
            "properties": {
                "activities": [
                    {
                        "name": "Get Metadata",
                        "type": "GetMetadata",
                        "dependsOn": [],
                        "policy": {
                            "timeout": "0.12:00:00",
                            "retry": 0,
                            "retryIntervalInSeconds": 30,
                            "secureOutput": false,
                            "secureInput": false
                        },
                        "userProperties": [],
                        "typeProperties": {
                            "dataset": {
                                "referenceName": "MetadaDataSet",
                                "type": "DatasetReference",
                                "parameters": {}
                            },
                            "fieldList": [
                                "childItems"
                            ],
                            "storeSettings": {
                                "type": "AzureBlobFSReadSettings",
                                "recursive": true,
                                "enablePartitionDiscovery": false
                            },
                            "formatSettings": {
                                "type": "DelimitedTextReadSettings"
                            }
                        }
                    },
                    {
                        "name": "Store Files",
                        "type": "SetVariable",
                        "dependsOn": [
                            {
                                "activity": "Get Metadata",
                                "dependencyConditions": [
                                    "Succeeded"
                                ]
                            }
                        ],
                        "policy": {
                            "secureOutput": false,
                            "secureInput": false
                        },
                        "userProperties": [],
                        "typeProperties": {
                            "variableName": "var_files",
                            "value": {
                                "value": "@activity('Get Metadata').output.childItems",
                                "type": "Expression"
                            }
                        }
                    }
                ],
                "policy": {
                    "elapsedTimeMetric": {}
                },
                "variables": {
                    "var_files": {
                        "type": "Array"
                    }
                },
                "annotations": [],
                "lastPublishTime": "2025-02-02T14:59:55Z"
            },
            "dependsOn": [
                "[concat(variables('factoryId'), '/datasets/MetadaDataSet')]"
            ]
        },
        {
            "name": "[concat(parameters('factoryName'), '/ProdPipeline')]",
            "type": "Microsoft.DataFactory/factories/pipelines",
            "apiVersion": "2018-06-01",
            "properties": {
                "activities": [
                    {
                        "name": "ExecuteManagerPipeline",
                        "type": "ExecutePipeline",
                        "dependsOn": [],
                        "policy": {
                            "secureInput": false
                        },
                        "userProperties": [],
                        "typeProperties": {
                            "pipeline": {
                                "referenceName": "PipelineManager",
                                "type": "PipelineReference"
                            },
                            "waitOnCompletion": true,
                            "parameters": {}
                        }
                    },
                    {
                        "name": "ExecuteOnSelectedFilePipeline",
                        "type": "ExecutePipeline",
                        "dependsOn": [
                            {
                                "activity": "ExecuteManagerPipeline",
                                "dependencyConditions": [
                                    "Succeeded"
                                ]
                            }
                        ],
                        "policy": {
                            "secureInput": false
                        },
                        "userProperties": [],
                        "typeProperties": {
                            "pipeline": {
                                "referenceName": "OnlySelectedFiles",
                                "type": "PipelineReference"
                            },
                            "waitOnCompletion": true,
                            "parameters": {}
                        }
                    }
                ],
                "policy": {
                    "elapsedTimeMetric": {}
                },
                "annotations": [],
                "lastPublishTime": "2025-02-02T15:19:10Z"
            },
            "dependsOn": [
                "[concat(variables('factoryId'), '/pipelines/PipelineManager')]",
                "[concat(variables('factoryId'), '/pipelines/OnlySelectedFiles')]"
            ]
        },
        {
            "name": "[concat(parameters('factoryName'), '/LinkedServiceADLS')]",
            "type": "Microsoft.DataFactory/factories/linkedServices",
            "apiVersion": "2018-06-01",
            "properties": {
                "annotations": [],
                "type": "AzureBlobFS",
                "typeProperties": {
                    "url": "[parameters('LinkedServiceADLS_properties_typeProperties_url')]",
                    "accountKey": {
                        "type": "SecureString",
                        "value": "[parameters('LinkedServiceADLS_accountKey')]"
                    }
                }
            },
            "dependsOn": []
        },
        {
            "name": "[concat(parameters('factoryName'), '/LinkedService_Git')]",
            "type": "Microsoft.DataFactory/factories/linkedServices",
            "apiVersion": "2018-06-01",
            "properties": {
                "annotations": [],
                "type": "HttpServer",
                "typeProperties": {
                    "url": "[parameters('LinkedService_Git_properties_typeProperties_url')]",
                    "enableServerCertificateValidation": true,
                    "authenticationType": "Anonymous"
                }
            },
            "dependsOn": []
        },
        {
            "name": "[concat(parameters('factoryName'), '/TransformCSV')]",
            "type": "Microsoft.DataFactory/factories/dataflows",
            "apiVersion": "2018-06-01",
            "properties": {
                "type": "MappingDataFlow",
                "typeProperties": {
                    "sources": [
                        {
                            "dataset": {
                                "referenceName": "Dataflow_Source",
                                "type": "DatasetReference"
                            },
                            "name": "sourceCSV"
                        }
                    ],
                    "sinks": [
                        {
                            "dataset": {
                                "referenceName": "Dataflow_sink",
                                "type": "DatasetReference"
                            },
                            "name": "sink"
                        }
                    ],
                    "transformations": [
                        {
                            "name": "selectColumns"
                        },
                        {
                            "name": "filterRows"
                        },
                        {
                            "name": "splitOnPaymentType"
                        },
                        {
                            "name": "derivedtransformColumn"
                        },
                        {
                            "name": "AggregateGroupBy"
                        },
                        {
                            "name": "alterRow"
                        }
                    ],
                    "scriptLines": [
                        "source(output(",
                        "          transaction_id as short,",
                        "          transactional_date as timestamp,",
                        "          product_id as string,",
                        "          customer_id as short,",
                        "          payment as string,",
                        "          credit_card as long,",
                        "          loyalty_card as boolean,",
                        "          cost as double,",
                        "          quantity as short,",
                        "          price as double",
                        "     ),",
                        "     allowSchemaDrift: true,",
                        "     validateSchema: false,",
                        "     ignoreNoFilesFound: false) ~> sourceCSV",
                        "sourceCSV select(mapColumn(",
                        "          transaction_id,",
                        "          transactional_date,",
                        "          product_id,",
                        "          customer_id,",
                        "          payment,",
                        "          cost,",
                        "          quantity,",
                        "          price",
                        "     ),",
                        "     skipDuplicateMapInputs: true,",
                        "     skipDuplicateMapOutputs: true) ~> selectColumns",
                        "selectColumns filter(customer_id!=12) ~> filterRows",
                        "filterRows split(payment=='visa',",
                        "     payment=='mastercard',",
                        "     disjoint: false) ~> splitOnPaymentType@(Visa, MasterCard, otherThanVisa)",
                        "splitOnPaymentType@otherThanVisa derive(payment = coalesce(payment,'N/A')) ~> derivedtransformColumn",
                        "splitOnPaymentType@Visa aggregate(groupBy(customer_id),",
                        "     product_id = max(product_id)) ~> AggregateGroupBy",
                        "AggregateGroupBy alterRow(insertIf(1==1)) ~> alterRow",
                        "alterRow sink(allowSchemaDrift: true,",
                        "     validateSchema: false,",
                        "     umask: 0022,",
                        "     preCommands: [],",
                        "     postCommands: [],",
                        "     skipDuplicateMapInputs: true,",
                        "     skipDuplicateMapOutputs: true) ~> sink"
                    ]
                }
            },
            "dependsOn": [
                "[concat(variables('factoryId'), '/datasets/Dataflow_Source')]",
                "[concat(variables('factoryId'), '/datasets/Dataflow_sink')]"
            ]
        },
        {
            "name": "[concat(parameters('factoryName'), '/CSV_Source')]",
            "type": "Microsoft.DataFactory/factories/datasets",
            "apiVersion": "2018-06-01",
            "properties": {
                "linkedServiceName": {
                    "referenceName": "LinkedServiceADLS",
                    "type": "LinkedServiceReference"
                },
                "annotations": [],
                "type": "DelimitedText",
                "typeProperties": {
                    "location": {
                        "type": "AzureBlobFSLocation",
                        "fileName": "Fact_Sales_1.csv",
                        "folderPath": "csvfiles",
                        "fileSystem": "source"
                    },
                    "columnDelimiter": ",",
                    "escapeChar": "\\",
                    "firstRowAsHeader": true,
                    "quoteChar": "\""
                },
                "schema": []
            },
            "dependsOn": [
                "[concat(variables('factoryId'), '/linkedServices/LinkedServiceADLS')]"
            ]
        },
        {
            "name": "[concat(parameters('factoryName'), '/Sink_CSV')]",
            "type": "Microsoft.DataFactory/factories/datasets",
            "apiVersion": "2018-06-01",
            "properties": {
                "linkedServiceName": {
                    "referenceName": "LinkedServiceADLS",
                    "type": "LinkedServiceReference"
                },
                "annotations": [],
                "type": "DelimitedText",
                "typeProperties": {
                    "location": {
                        "type": "AzureBlobFSLocation",
                        "folderPath": "csvfiles",
                        "fileSystem": "destination"
                    },
                    "columnDelimiter": ",",
                    "escapeChar": "\\",
                    "firstRowAsHeader": true,
                    "quoteChar": "\""
                },
                "schema": []
            },
            "dependsOn": [
                "[concat(variables('factoryId'), '/linkedServices/LinkedServiceADLS')]"
            ]
        },
        {
            "name": "[concat(parameters('factoryName'), '/Sink_git_CSV')]",
            "type": "Microsoft.DataFactory/factories/datasets",
            "apiVersion": "2018-06-01",
            "properties": {
                "linkedServiceName": {
                    "referenceName": "LinkedServiceADLS",
                    "type": "LinkedServiceReference"
                },
                "annotations": [],
                "type": "DelimitedText",
                "typeProperties": {
                    "location": {
                        "type": "AzureBlobFSLocation",
                        "fileName": "file2.csv",
                        "folderPath": "csvfiles",
                        "fileSystem": "destination"
                    },
                    "columnDelimiter": ",",
                    "escapeChar": "\\",
                    "firstRowAsHeader": true,
                    "quoteChar": "\""
                },
                "schema": []
            },
            "dependsOn": [
                "[concat(variables('factoryId'), '/linkedServices/LinkedServiceADLS')]"
            ]
        },
        {
            "name": "[concat(parameters('factoryName'), '/Source_Git')]",
            "type": "Microsoft.DataFactory/factories/datasets",
            "apiVersion": "2018-06-01",
            "properties": {
                "linkedServiceName": {
                    "referenceName": "LinkedService_Git",
                    "type": "LinkedServiceReference"
                },
                "annotations": [],
                "type": "DelimitedText",
                "typeProperties": {
                    "location": {
                        "type": "HttpServerLocation",
                        "relativeUrl": "nk3099/ADF-Pipelines/refs/heads/main/raw-data/Fact_Sales_2.csv"
                    },
                    "columnDelimiter": ",",
                    "escapeChar": "\\",
                    "firstRowAsHeader": true,
                    "quoteChar": "\""
                },
                "schema": []
            },
            "dependsOn": [
                "[concat(variables('factoryId'), '/linkedServices/LinkedService_Git')]"
            ]
        },
        {
            "name": "[concat(parameters('factoryName'), '/MetadaDataSet')]",
            "type": "Microsoft.DataFactory/factories/datasets",
            "apiVersion": "2018-06-01",
            "properties": {
                "linkedServiceName": {
                    "referenceName": "LinkedServiceADLS",
                    "type": "LinkedServiceReference"
                },
                "annotations": [],
                "type": "DelimitedText",
                "typeProperties": {
                    "location": {
                        "type": "AzureBlobFSLocation",
                        "folderPath": "csvfiles",
                        "fileSystem": "destination"
                    },
                    "columnDelimiter": ",",
                    "escapeChar": "\\",
                    "firstRowAsHeader": true,
                    "quoteChar": "\""
                },
                "schema": []
            },
            "dependsOn": [
                "[concat(variables('factoryId'), '/linkedServices/LinkedServiceADLS')]"
            ]
        },
        {
            "name": "[concat(parameters('factoryName'), '/Parameterized_Source_CSV')]",
            "type": "Microsoft.DataFactory/factories/datasets",
            "apiVersion": "2018-06-01",
            "properties": {
                "linkedServiceName": {
                    "referenceName": "LinkedServiceADLS",
                    "type": "LinkedServiceReference"
                },
                "parameters": {
                    "parameter_file_name": {
                        "type": "String"
                    }
                },
                "annotations": [],
                "type": "DelimitedText",
                "typeProperties": {
                    "location": {
                        "type": "AzureBlobFSLocation",
                        "fileName": {
                            "value": "@dataset().parameter_file_name",
                            "type": "Expression"
                        },
                        "folderPath": "csvfiles",
                        "fileSystem": "destination"
                    },
                    "columnDelimiter": ",",
                    "escapeChar": "\\",
                    "firstRowAsHeader": true,
                    "quoteChar": "\""
                },
                "schema": []
            },
            "dependsOn": [
                "[concat(variables('factoryId'), '/linkedServices/LinkedServiceADLS')]"
            ]
        },
        {
            "name": "[concat(parameters('factoryName'), '/reporting_sink')]",
            "type": "Microsoft.DataFactory/factories/datasets",
            "apiVersion": "2018-06-01",
            "properties": {
                "linkedServiceName": {
                    "referenceName": "LinkedServiceADLS",
                    "type": "LinkedServiceReference"
                },
                "parameters": {
                    "parameter_file_name": {
                        "type": "string"
                    }
                },
                "annotations": [],
                "type": "DelimitedText",
                "typeProperties": {
                    "location": {
                        "type": "AzureBlobFSLocation",
                        "fileName": {
                            "value": "@dataset().parameter_file_name",
                            "type": "Expression"
                        },
                        "folderPath": "csvfiles",
                        "fileSystem": "reporting"
                    },
                    "columnDelimiter": ",",
                    "escapeChar": "\\",
                    "firstRowAsHeader": true,
                    "quoteChar": "\""
                },
                "schema": []
            },
            "dependsOn": [
                "[concat(variables('factoryId'), '/linkedServices/LinkedServiceADLS')]"
            ]
        },
        {
            "name": "[concat(parameters('factoryName'), '/Dataflow_sink')]",
            "type": "Microsoft.DataFactory/factories/datasets",
            "apiVersion": "2018-06-01",
            "properties": {
                "linkedServiceName": {
                    "referenceName": "LinkedServiceADLS",
                    "type": "LinkedServiceReference"
                },
                "annotations": [],
                "type": "DelimitedText",
                "typeProperties": {
                    "location": {
                        "type": "AzureBlobFSLocation",
                        "folderPath": "dataflowOutput",
                        "fileSystem": "reporting"
                    },
                    "columnDelimiter": ",",
                    "escapeChar": "\\",
                    "firstRowAsHeader": true,
                    "quoteChar": "\""
                },
                "schema": []
            },
            "dependsOn": [
                "[concat(variables('factoryId'), '/linkedServices/LinkedServiceADLS')]"
            ]
        },
        {
            "name": "[concat(parameters('factoryName'), '/Dataflow_Source')]",
            "type": "Microsoft.DataFactory/factories/datasets",
            "apiVersion": "2018-06-01",
            "properties": {
                "linkedServiceName": {
                    "referenceName": "LinkedServiceADLS",
                    "type": "LinkedServiceReference"
                },
                "annotations": [],
                "type": "DelimitedText",
                "typeProperties": {
                    "location": {
                        "type": "AzureBlobFSLocation",
                        "folderPath": "csvfiles",
                        "fileSystem": "reporting"
                    },
                    "columnDelimiter": ",",
                    "escapeChar": "\\",
                    "firstRowAsHeader": true,
                    "quoteChar": "\""
                },
                "schema": []
            },
            "dependsOn": [
                "[concat(variables('factoryId'), '/linkedServices/LinkedServiceADLS')]"
            ]
        }
    ]
}